trial,testing,parameters,initial_deadline,final_deadline,net_reward,actions,success
1,False,"{'e': 0.99, 'a': 0.2}",20,0,-141.89739398391447,"{0: 13, 1: 1, 2: 3, 3: 0, 4: 3}",0
2,False,"{'e': 0.9801, 'a': 0.2}",25,0,-108.31850844281925,"{0: 15, 1: 3, 2: 5, 3: 1, 4: 1}",0
3,False,"{'e': 0.9702989999999999, 'a': 0.2}",25,0,-49.22684347919093,"{0: 19, 1: 3, 2: 2, 3: 0, 4: 1}",0
4,False,"{'e': 0.96059601, 'a': 0.2}",20,14,-16.857549773622644,"{0: 4, 1: 1, 2: 0, 3: 1, 4: 0}",1
5,False,"{'e': 0.9509900498999999, 'a': 0.2}",30,0,-115.6803250133326,"{0: 17, 1: 5, 2: 7, 3: 0, 4: 1}",0
6,False,"{'e': 0.9414801494009999, 'a': 0.2}",20,6,-25.27535276213056,"{0: 11, 1: 1, 2: 0, 3: 2, 4: 0}",1
7,False,"{'e': 0.9320653479069899, 'a': 0.2}",20,0,-82.99856862761433,"{0: 13, 1: 2, 2: 3, 3: 1, 4: 1}",0
8,False,"{'e': 0.92274469442792, 'a': 0.2}",35,0,-175.00063429754107,"{0: 25, 1: 2, 2: 3, 3: 2, 4: 3}",0
9,False,"{'e': 0.9135172474836407, 'a': 0.2}",25,6,-140.80307502522504,"{0: 9, 1: 3, 2: 4, 3: 1, 4: 2}",1
10,False,"{'e': 0.9043820750088043, 'a': 0.2}",30,8,-32.012856458331925,"{0: 16, 1: 2, 2: 3, 3: 1, 4: 0}",1
11,False,"{'e': 0.8953382542587163, 'a': 0.2}",30,12,-55.783715853129294,"{0: 11, 1: 1, 2: 5, 3: 1, 4: 0}",1
12,False,"{'e': 0.8863848717161291, 'a': 0.2}",20,11,-72.13425081776539,"{0: 5, 1: 0, 2: 2, 3: 1, 4: 1}",1
13,False,"{'e': 0.8775210229989678, 'a': 0.2}",35,0,-241.37164718816388,"{0: 18, 1: 5, 2: 6, 3: 3, 4: 3}",0
14,False,"{'e': 0.8687458127689781, 'a': 0.2}",35,15,-89.78923162022915,"{0: 12, 1: 3, 2: 3, 3: 1, 4: 1}",1
15,False,"{'e': 0.8600583546412883, 'a': 0.2}",25,0,-149.03434658088844,"{0: 12, 1: 5, 2: 5, 3: 2, 4: 1}",0
16,False,"{'e': 0.8514577710948754, 'a': 0.2}",30,17,6.469489970711038,"{0: 12, 1: 0, 2: 1, 3: 0, 4: 0}",1
17,False,"{'e': 0.8429431933839266, 'a': 0.2}",25,0,-94.61243965347413,"{0: 15, 1: 6, 2: 2, 3: 1, 4: 1}",0
18,False,"{'e': 0.8345137614500874, 'a': 0.2}",25,0,-52.21694572876846,"{0: 20, 1: 0, 2: 4, 3: 0, 4: 1}",0
19,False,"{'e': 0.8261686238355865, 'a': 0.2}",25,3,-69.77012617633916,"{0: 15, 1: 2, 2: 4, 3: 0, 4: 1}",1
20,False,"{'e': 0.8179069375972307, 'a': 0.2}",20,0,-120.54629902576171,"{0: 13, 1: 1, 2: 3, 3: 1, 4: 2}",0
21,False,"{'e': 0.8097278682212583, 'a': 0.2}",30,16,-32.631257730609036,"{0: 8, 1: 3, 2: 3, 3: 0, 4: 0}",1
22,False,"{'e': 0.8016305895390458, 'a': 0.2}",25,0,-57.392138494341154,"{0: 16, 1: 2, 2: 7, 3: 0, 4: 0}",0
23,False,"{'e': 0.7936142836436553, 'a': 0.2}",35,0,-174.47315350299775,"{0: 20, 1: 5, 2: 6, 3: 2, 4: 2}",0
24,False,"{'e': 0.7856781408072188, 'a': 0.2}",25,0,-39.854911666324526,"{0: 18, 1: 4, 2: 2, 3: 1, 4: 0}",0
25,False,"{'e': 0.7778213593991465, 'a': 0.2}",20,0,-101.37982446425576,"{0: 13, 1: 2, 2: 3, 3: 0, 4: 2}",0
26,False,"{'e': 0.7700431458051551, 'a': 0.2}",20,0,-61.622836828943115,"{0: 15, 1: 0, 2: 4, 3: 0, 4: 1}",0
27,False,"{'e': 0.7623427143471035, 'a': 0.2}",30,0,-174.28976244589904,"{0: 16, 1: 6, 2: 5, 3: 0, 4: 3}",0
28,False,"{'e': 0.7547192872036325, 'a': 0.2}",20,15,1.7346584354931711,"{0: 4, 1: 1, 2: 0, 3: 0, 4: 0}",1
29,False,"{'e': 0.7471720943315961, 'a': 0.2}",25,0,-131.44297367670532,"{0: 17, 1: 0, 2: 5, 3: 1, 4: 2}",0
30,False,"{'e': 0.7397003733882802, 'a': 0.2}",30,0,-142.23787064797216,"{0: 19, 1: 3, 2: 5, 3: 1, 4: 2}",0
31,False,"{'e': 0.7323033696543974, 'a': 0.2}",25,0,-172.2577544231899,"{0: 15, 1: 0, 2: 5, 3: 3, 4: 2}",0
32,False,"{'e': 0.7249803359578534, 'a': 0.2}",30,0,-108.62061177039641,"{0: 19, 1: 5, 2: 4, 3: 1, 4: 1}",0
33,False,"{'e': 0.7177305325982748, 'a': 0.2}",35,10,-37.840214534659026,"{0: 18, 1: 1, 2: 6, 3: 0, 4: 0}",1
34,False,"{'e': 0.7105532272722921, 'a': 0.2}",20,12,5.735032879162573,"{0: 7, 1: 1, 2: 0, 3: 0, 4: 0}",1
35,False,"{'e': 0.7034476949995692, 'a': 0.2}",30,0,-45.88464080250461,"{0: 23, 1: 4, 2: 2, 3: 0, 4: 1}",0
36,False,"{'e': 0.6964132180495735, 'a': 0.2}",20,0,-144.97155013562494,"{0: 9, 1: 1, 2: 7, 3: 2, 4: 1}",0
37,False,"{'e': 0.6894490858690777, 'a': 0.2}",30,9,-76.70977088746967,"{0: 15, 1: 4, 2: 0, 3: 0, 4: 2}",1
38,False,"{'e': 0.682554595010387, 'a': 0.2}",20,0,-70.50004917479953,"{0: 15, 1: 1, 2: 2, 3: 1, 4: 1}",0
39,False,"{'e': 0.6757290490602831, 'a': 0.2}",25,0,-57.31674839058501,"{0: 16, 1: 4, 2: 4, 3: 1, 4: 0}",0
40,False,"{'e': 0.6689717585696803, 'a': 0.2}",30,19,-118.21702315967542,"{0: 7, 1: 0, 2: 1, 3: 0, 4: 3}",1
41,False,"{'e': 0.6622820409839835, 'a': 0.2}",20,0,-95.77954125817517,"{0: 14, 1: 2, 2: 2, 3: 0, 4: 2}",0
42,False,"{'e': 0.6556592205741436, 'a': 0.2}",25,0,-7.255249686539555,"{0: 20, 1: 4, 2: 1, 3: 0, 4: 0}",0
43,False,"{'e': 0.6491026283684022, 'a': 0.2}",20,0,-38.263860820533495,"{0: 13, 1: 3, 2: 4, 3: 0, 4: 0}",0
44,False,"{'e': 0.6426116020847181, 'a': 0.2}",20,0,-22.790039359855964,"{0: 15, 1: 2, 2: 3, 3: 0, 4: 0}",0
45,False,"{'e': 0.6361854860638709, 'a': 0.2}",20,0,-29.641500415798607,"{0: 16, 1: 0, 2: 3, 3: 1, 4: 0}",0
46,False,"{'e': 0.6298236312032323, 'a': 0.2}",30,18,8.314469839888703,"{0: 11, 1: 0, 2: 1, 3: 0, 4: 0}",1
47,False,"{'e': 0.6235253948912, 'a': 0.2}",30,0,-119.92484566841335,"{0: 22, 1: 1, 2: 4, 3: 1, 4: 2}",0
48,False,"{'e': 0.617290140942288, 'a': 0.2}",30,0,-88.63271733708197,"{0: 23, 1: 1, 2: 3, 3: 2, 4: 1}",0
49,False,"{'e': 0.6111172395328651, 'a': 0.2}",20,0,-72.32949351465278,"{0: 15, 1: 1, 2: 1, 3: 2, 4: 1}",0
50,False,"{'e': 0.6050060671375365, 'a': 0.2}",30,0,-156.8289002444441,"{0: 21, 1: 2, 2: 3, 3: 1, 4: 3}",0
51,False,"{'e': 0.5989560064661611, 'a': 0.2}",25,0,-46.50020374262507,"{0: 19, 1: 2, 2: 2, 3: 2, 4: 0}",0
52,False,"{'e': 0.5929664464014994, 'a': 0.2}",30,14,-6.711178995482463,"{0: 12, 1: 3, 2: 1, 3: 0, 4: 0}",1
53,False,"{'e': 0.5870367819374844, 'a': 0.2}",20,0,-73.60139661140437,"{0: 10, 1: 4, 2: 5, 3: 1, 4: 0}",0
54,False,"{'e': 0.5811664141181095, 'a': 0.2}",20,0,-5.2004643477858705,"{0: 17, 1: 2, 2: 0, 3: 1, 4: 0}",0
55,False,"{'e': 0.5753547499769285, 'a': 0.2}",20,3,-19.23387460685207,"{0: 12, 1: 2, 2: 3, 3: 0, 4: 0}",1
56,False,"{'e': 0.5696012024771592, 'a': 0.2}",20,5,-8.1556369901194,"{0: 12, 1: 0, 2: 3, 3: 0, 4: 0}",1
57,False,"{'e': 0.5639051904523876, 'a': 0.2}",20,5,-36.6821148048759,"{0: 10, 1: 2, 2: 2, 3: 1, 4: 0}",1
58,False,"{'e': 0.5582661385478638, 'a': 0.2}",20,1,-49.636997392341044,"{0: 16, 1: 0, 2: 1, 3: 1, 4: 1}",1
59,False,"{'e': 0.5526834771623851, 'a': 0.2}",30,18,-1.4646568474732582,"{0: 11, 1: 0, 2: 0, 3: 1, 4: 0}",1
60,False,"{'e': 0.5471566423907612, 'a': 0.2}",35,7,-173.7111169205977,"{0: 19, 1: 0, 2: 4, 3: 2, 4: 3}",1
61,False,"{'e': 0.5416850759668536, 'a': 0.2}",25,6,-93.4874149066723,"{0: 11, 1: 3, 2: 3, 3: 1, 4: 1}",1
62,False,"{'e': 0.536268225207185, 'a': 0.2}",20,0,-77.75793260997384,"{0: 15, 1: 1, 2: 1, 3: 2, 4: 1}",0
63,False,"{'e': 0.5309055429551132, 'a': 0.2}",30,14,-65.37572708373831,"{0: 11, 1: 1, 2: 2, 3: 1, 4: 1}",1
64,False,"{'e': 0.525596487525562, 'a': 0.2}",25,19,-1.1267710751549815,"{0: 5, 1: 0, 2: 1, 3: 0, 4: 0}",1
65,False,"{'e': 0.5203405226503064, 'a': 0.2}",30,10,-115.86233735682949,"{0: 13, 1: 1, 2: 3, 3: 1, 4: 2}",1
66,False,"{'e': 0.5151371174238033, 'a': 0.2}",25,0,-120.174710199273,"{0: 16, 1: 1, 2: 5, 3: 2, 4: 1}",0
67,False,"{'e': 0.5099857462495653, 'a': 0.2}",25,15,-46.54163561656084,"{0: 7, 1: 1, 2: 1, 3: 0, 4: 1}",1
68,False,"{'e': 0.5048858887870696, 'a': 0.2}",20,8,-78.1271182946026,"{0: 7, 1: 0, 2: 3, 3: 1, 4: 1}",1
69,False,"{'e': 0.4998370298991989, 'a': 0.2}",25,0,-25.33357275219174,"{0: 19, 1: 3, 2: 3, 3: 0, 4: 0}",0
70,False,"{'e': 0.49483865960020695, 'a': 0.2}",30,0,-127.01362517973685,"{0: 23, 1: 2, 2: 2, 3: 0, 4: 3}",0
71,False,"{'e': 0.4898902730042049, 'a': 0.2}",25,0,-49.07687029940499,"{0: 20, 1: 0, 2: 4, 3: 0, 4: 1}",0
72,False,"{'e': 0.48499137027416284, 'a': 0.2}",25,0,-99.7078636050792,"{0: 18, 1: 1, 2: 4, 3: 0, 4: 2}",0
73,False,"{'e': 0.4801414565714212, 'a': 0.2}",25,13,-8.686033436582417,"{0: 9, 1: 1, 2: 2, 3: 0, 4: 0}",1
74,False,"{'e': 0.475340042005707, 'a': 0.2}",30,0,-51.72506043134314,"{0: 24, 1: 2, 2: 3, 3: 0, 4: 1}",0
75,False,"{'e': 0.47058664158564995, 'a': 0.2}",25,5,-115.23089697455842,"{0: 13, 1: 1, 2: 3, 3: 1, 4: 2}",1
76,False,"{'e': 0.4658807751697934, 'a': 0.2}",25,0,-38.993958015557155,"{0: 18, 1: 1, 2: 6, 3: 0, 4: 0}",0
77,False,"{'e': 0.4612219674180955, 'a': 0.2}",20,0,-38.83816403354729,"{0: 17, 1: 0, 2: 2, 3: 0, 4: 1}",0
78,False,"{'e': 0.45660974774391455, 'a': 0.2}",20,0,6.312540629459826,"{0: 18, 1: 1, 2: 1, 3: 0, 4: 0}",0
79,False,"{'e': 0.4520436502664754, 'a': 0.2}",20,0,15.648622814658008,"{0: 19, 1: 1, 2: 0, 3: 0, 4: 0}",0
80,False,"{'e': 0.44752321376381066, 'a': 0.2}",20,12,-13.863178352210364,"{0: 5, 1: 1, 2: 2, 3: 0, 4: 0}",1
81,False,"{'e': 0.44304798162617254, 'a': 0.2}",25,0,-63.141617212756984,"{0: 18, 1: 1, 2: 4, 3: 2, 4: 0}",0
82,False,"{'e': 0.4386175018099108, 'a': 0.2}",35,17,-28.435501604138768,"{0: 13, 1: 1, 2: 3, 3: 1, 4: 0}",1
83,False,"{'e': 0.4342313267918117, 'a': 0.2}",25,7,14.05916144007194,"{0: 17, 1: 0, 2: 1, 3: 0, 4: 0}",1
84,False,"{'e': 0.4298890135238936, 'a': 0.2}",25,12,-4.992437397308471,"{0: 11, 1: 0, 2: 2, 3: 0, 4: 0}",1
85,False,"{'e': 0.42559012338865465, 'a': 0.2}",20,2,-1.5861449720534349,"{0: 16, 1: 1, 2: 0, 3: 1, 4: 0}",1
86,False,"{'e': 0.4213342221547681, 'a': 0.2}",25,0,-32.56145019327524,"{0: 20, 1: 0, 2: 4, 3: 1, 4: 0}",0
87,False,"{'e': 0.41712087993322045, 'a': 0.2}",20,12,18.097715974278188,"{0: 8, 1: 0, 2: 0, 3: 0, 4: 0}",1
88,False,"{'e': 0.41294967113388825, 'a': 0.2}",25,12,-11.694967486752212,"{0: 11, 1: 0, 2: 1, 3: 1, 4: 0}",1
89,False,"{'e': 0.40882017442254937, 'a': 0.2}",20,0,-63.18692876413421,"{0: 16, 1: 0, 2: 2, 3: 1, 4: 1}",0
90,False,"{'e': 0.4047319726783239, 'a': 0.2}",20,3,-99.15877839333832,"{0: 9, 1: 2, 2: 4, 3: 1, 4: 1}",1
91,False,"{'e': 0.40068465295154065, 'a': 0.2}",35,8,-80.50537357478166,"{0: 21, 1: 2, 2: 2, 3: 0, 4: 2}",1
92,False,"{'e': 0.39667780642202527, 'a': 0.2}",30,3,-15.122529426966723,"{0: 24, 1: 1, 2: 1, 3: 0, 4: 1}",1
93,False,"{'e': 0.392711028357805, 'a': 0.2}",25,0,-85.94383496911773,"{0: 20, 1: 2, 2: 0, 3: 1, 4: 2}",0
94,False,"{'e': 0.38878391807422696, 'a': 0.2}",30,0,-4.773450309684401,"{0: 27, 1: 0, 2: 2, 3: 1, 4: 0}",0
95,False,"{'e': 0.3848960788934847, 'a': 0.2}",30,0,-84.8058584975694,"{0: 23, 1: 1, 2: 3, 3: 2, 4: 1}",0
96,False,"{'e': 0.38104711810454983, 'a': 0.2}",20,11,-31.222488552296035,"{0: 7, 1: 1, 2: 0, 3: 0, 4: 1}",1
97,False,"{'e': 0.37723664692350434, 'a': 0.2}",25,0,-8.794987679056181,"{0: 21, 1: 1, 2: 3, 3: 0, 4: 0}",0
98,False,"{'e': 0.37346428045426927, 'a': 0.2}",25,0,-78.29648912274136,"{0: 18, 1: 0, 2: 6, 3: 0, 4: 1}",0
99,False,"{'e': 0.36972963764972655, 'a': 0.2}",35,0,-74.29858471662853,"{0: 28, 1: 3, 2: 2, 3: 0, 4: 2}",0
100,False,"{'e': 0.36603234127322926, 'a': 0.2}",30,14,15.293390281714977,"{0: 15, 1: 1, 2: 0, 3: 0, 4: 0}",1
101,False,"{'e': 0.36237201786049694, 'a': 0.2}",20,6,-61.191263973919924,"{0: 10, 1: 1, 2: 1, 3: 1, 4: 1}",1
102,False,"{'e': 0.358748297681892, 'a': 0.2}",20,11,-6.182237960114692,"{0: 7, 1: 1, 2: 1, 3: 0, 4: 0}",1
103,False,"{'e': 0.35516081470507305, 'a': 0.2}",20,5,-27.1457490075796,"{0: 13, 1: 1, 2: 0, 3: 0, 4: 1}",1
104,False,"{'e': 0.3516092065580223, 'a': 0.2}",20,13,-8.95581579297617,"{0: 6, 1: 0, 2: 0, 3: 1, 4: 0}",1
105,False,"{'e': 0.34809311449244207, 'a': 0.2}",20,0,-30.0279135011445,"{0: 15, 1: 2, 2: 2, 3: 1, 4: 0}",0
106,False,"{'e': 0.34461218334751764, 'a': 0.2}",30,0,-107.7362123198578,"{0: 24, 1: 2, 2: 1, 3: 0, 4: 3}",0
107,False,"{'e': 0.34116606151404244, 'a': 0.2}",25,8,2.278270868140834,"{0: 14, 1: 3, 2: 0, 3: 0, 4: 0}",1
108,False,"{'e': 0.337754400898902, 'a': 0.2}",30,4,-50.403595198190814,"{0: 23, 1: 1, 2: 0, 3: 0, 4: 2}",1
109,False,"{'e': 0.334376856889913, 'a': 0.2}",20,0,-85.17541216958222,"{0: 13, 1: 1, 2: 4, 3: 1, 4: 1}",0
110,False,"{'e': 0.33103308832101386, 'a': 0.2}",30,13,-14.867699054359178,"{0: 16, 1: 0, 2: 0, 3: 0, 4: 1}",1
111,False,"{'e': 0.3277227574378037, 'a': 0.2}",30,21,-7.857180422090413,"{0: 7, 1: 0, 2: 2, 3: 0, 4: 0}",1
112,False,"{'e': 0.3244455298634257, 'a': 0.2}",30,12,-49.304046727599776,"{0: 14, 1: 1, 2: 1, 3: 1, 4: 1}",1
113,False,"{'e': 0.3212010745647914, 'a': 0.2}",35,17,-1.9113451826741181,"{0: 15, 1: 1, 2: 2, 3: 0, 4: 0}",1
114,False,"{'e': 0.3179890638191435, 'a': 0.2}",20,2,-39.80474895575188,"{0: 15, 1: 1, 2: 1, 3: 0, 4: 1}",1
115,False,"{'e': 0.31480917318095203, 'a': 0.2}",20,7,10.115397723678655,"{0: 12, 1: 0, 2: 1, 3: 0, 4: 0}",1
116,False,"{'e': 0.3116610814491425, 'a': 0.2}",25,1,2.8453237146270203,"{0: 22, 1: 1, 2: 0, 3: 1, 4: 0}",1
117,False,"{'e': 0.30854447063465107, 'a': 0.2}",25,12,12.6976319998298,"{0: 12, 1: 0, 2: 1, 3: 0, 4: 0}",1
118,False,"{'e': 0.30545902592830454, 'a': 0.2}",25,0,5.249840269411815,"{0: 21, 1: 3, 2: 1, 3: 0, 4: 0}",0
119,False,"{'e': 0.3024044356690215, 'a': 0.2}",25,3,-6.3991649348252135,"{0: 19, 1: 0, 2: 2, 3: 1, 4: 0}",1
120,False,"{'e': 0.29938039131233124, 'a': 0.2}",20,7,0.7231234438201677,"{0: 10, 1: 3, 2: 0, 3: 0, 4: 0}",1
121,False,"{'e': 0.2963865873992079, 'a': 0.2}",25,5,10.806957857562548,"{0: 18, 1: 1, 2: 1, 3: 0, 4: 0}",1
122,False,"{'e': 0.29342272152521587, 'a': 0.2}",35,28,13.25687753090066,"{0: 7, 1: 0, 2: 0, 3: 0, 4: 0}",1
123,False,"{'e': 0.2904884943099637, 'a': 0.2}",25,5,-31.000733991271,"{0: 17, 1: 0, 2: 2, 3: 0, 4: 1}",1
124,False,"{'e': 0.28758360936686406, 'a': 0.2}",20,0,-82.48293837250782,"{0: 15, 1: 0, 2: 2, 3: 2, 4: 1}",0
125,False,"{'e': 0.2847077732731954, 'a': 0.2}",25,0,29.64112625213765,"{0: 24, 1: 1, 2: 0, 3: 0, 4: 0}",0
126,False,"{'e': 0.28186069554046345, 'a': 0.2}",25,0,-22.957991817933785,"{0: 21, 1: 3, 2: 0, 3: 0, 4: 1}",0
127,False,"{'e': 0.2790420885850588, 'a': 0.2}",25,16,15.893371367497627,"{0: 9, 1: 0, 2: 0, 3: 0, 4: 0}",1
128,False,"{'e': 0.2762516676992082, 'a': 0.2}",20,0,-21.32442963572495,"{0: 18, 1: 1, 2: 0, 3: 0, 4: 1}",0
129,False,"{'e': 0.27348915102221616, 'a': 0.2}",25,9,26.952259140584957,"{0: 16, 1: 0, 2: 0, 3: 0, 4: 0}",1
130,False,"{'e': 0.270754259511994, 'a': 0.2}",25,16,-1.08601367754434,"{0: 7, 1: 2, 2: 0, 3: 0, 4: 0}",1
131,False,"{'e': 0.26804671691687404, 'a': 0.2}",30,22,4.28090323423423,"{0: 7, 1: 0, 2: 1, 3: 0, 4: 0}",1
132,False,"{'e': 0.2653662497477053, 'a': 0.2}",20,12,14.687797282248152,"{0: 8, 1: 0, 2: 0, 3: 0, 4: 0}",1
133,False,"{'e': 0.2627125872502282, 'a': 0.2}",20,0,14.047751370081103,"{0: 18, 1: 1, 2: 1, 3: 0, 4: 0}",0
134,False,"{'e': 0.2600854613777259, 'a': 0.2}",25,0,-36.74105123695768,"{0: 19, 1: 1, 2: 4, 3: 1, 4: 0}",0
135,False,"{'e': 0.2574846067639487, 'a': 0.2}",25,14,10.383124319749092,"{0: 10, 1: 1, 2: 0, 3: 0, 4: 0}",1
136,False,"{'e': 0.2549097606963092, 'a': 0.2}",25,7,20.42345408610242,"{0: 17, 1: 1, 2: 0, 3: 0, 4: 0}",1
137,False,"{'e': 0.2523606630893461, 'a': 0.2}",20,5,11.521047328322872,"{0: 14, 1: 0, 2: 1, 3: 0, 4: 0}",1
138,False,"{'e': 0.24983705645845267, 'a': 0.2}",25,11,-22.123029098418222,"{0: 12, 1: 1, 2: 0, 3: 0, 4: 1}",1
139,False,"{'e': 0.24733868589386815, 'a': 0.2}",25,16,16.334354225297872,"{0: 9, 1: 0, 2: 0, 3: 0, 4: 0}",1
140,False,"{'e': 0.24486529903492946, 'a': 0.2}",20,6,-90.72420568384973,"{0: 9, 1: 1, 2: 2, 3: 0, 4: 2}",1
141,False,"{'e': 0.24241664604458016, 'a': 0.2}",20,10,18.34718939134494,"{0: 10, 1: 0, 2: 0, 3: 0, 4: 0}",1
142,False,"{'e': 0.23999247958413436, 'a': 0.2}",25,15,-7.727277786716074,"{0: 9, 1: 0, 2: 0, 3: 1, 4: 0}",1
143,False,"{'e': 0.23759255478829303, 'a': 0.2}",25,18,-0.7088554839287067,"{0: 6, 1: 0, 2: 1, 3: 0, 4: 0}",1
144,False,"{'e': 0.2352166292404101, 'a': 0.2}",35,17,-4.995933093687126,"{0: 16, 1: 0, 2: 1, 3: 1, 4: 0}",1
145,False,"{'e': 0.232864462948006, 'a': 0.2}",20,2,-10.751777157155388,"{0: 14, 1: 1, 2: 3, 3: 0, 4: 0}",1
146,False,"{'e': 0.23053581831852593, 'a': 0.2}",20,0,-56.16137408360837,"{0: 18, 1: 0, 2: 0, 3: 0, 4: 2}",1
147,False,"{'e': 0.22823046013534068, 'a': 0.2}",20,0,22.990809107548397,"{0: 20, 1: 0, 2: 0, 3: 0, 4: 0}",0
148,False,"{'e': 0.22594815553398728, 'a': 0.2}",20,8,-24.103388418589383,"{0: 11, 1: 0, 2: 0, 3: 0, 4: 1}",1
149,False,"{'e': 0.22368867397864742, 'a': 0.2}",20,0,3.7723627577101952,"{0: 18, 1: 1, 2: 0, 3: 1, 4: 0}",0
150,False,"{'e': 0.22145178723886094, 'a': 0.2}",20,6,-40.40549548426156,"{0: 11, 1: 0, 2: 2, 3: 0, 4: 1}",1
151,False,"{'e': 0.21923726936647234, 'a': 0.2}",20,14,10.110399308294266,"{0: 6, 1: 0, 2: 0, 3: 0, 4: 0}",1
152,False,"{'e': 0.2170448966728076, 'a': 0.2}",30,18,23.018193752835426,"{0: 12, 1: 0, 2: 0, 3: 0, 4: 0}",1
153,False,"{'e': 0.21487444770607952, 'a': 0.2}",20,11,-8.942823400329253,"{0: 6, 1: 2, 2: 1, 3: 0, 4: 0}",1
154,False,"{'e': 0.21272570322901874, 'a': 0.2}",20,15,-1.7134025000822102,"{0: 4, 1: 0, 2: 1, 3: 0, 4: 0}",1
155,False,"{'e': 0.21059844619672854, 'a': 0.2}",20,11,-39.160825995040554,"{0: 7, 1: 0, 2: 1, 3: 0, 4: 1}",1
156,False,"{'e': 0.20849246173476127, 'a': 0.2}",25,5,-69.93160847632174,"{0: 16, 1: 1, 2: 1, 3: 0, 4: 2}",1
157,False,"{'e': 0.20640753711741366, 'a': 0.2}",25,0,14.432167271436274,"{0: 22, 1: 1, 2: 2, 3: 0, 4: 0}",1
158,False,"{'e': 0.20434346174623952, 'a': 0.2}",30,21,13.14371581648671,"{0: 9, 1: 0, 2: 0, 3: 0, 4: 0}",1
159,False,"{'e': 0.20230002712877712, 'a': 0.2}",20,12,16.368911712744595,"{0: 8, 1: 0, 2: 0, 3: 0, 4: 0}",1
160,False,"{'e': 0.20027702685748935, 'a': 0.2}",30,5,-20.16602515057494,"{0: 23, 1: 0, 2: 1, 3: 0, 4: 1}",1
161,False,"{'e': 0.19827425658891445, 'a': 0.2}",25,8,-4.000425060267443,"{0: 14, 1: 1, 2: 2, 3: 0, 4: 0}",1
162,False,"{'e': 0.1962915140230253, 'a': 0.2}",25,10,-29.92560529369135,"{0: 13, 1: 0, 2: 1, 3: 0, 4: 1}",1
163,False,"{'e': 0.19432859888279505, 'a': 0.2}",20,9,11.920022886670314,"{0: 11, 1: 0, 2: 0, 3: 0, 4: 0}",1
164,False,"{'e': 0.1923853128939671, 'a': 0.2}",30,16,9.487678998322409,"{0: 13, 1: 0, 2: 1, 3: 0, 4: 0}",1
165,False,"{'e': 0.19046145976502743, 'a': 0.2}",30,19,13.005687109717528,"{0: 10, 1: 0, 2: 1, 3: 0, 4: 0}",1
166,False,"{'e': 0.18855684516737714, 'a': 0.2}",20,7,17.499787524231316,"{0: 13, 1: 0, 2: 0, 3: 0, 4: 0}",1
167,False,"{'e': 0.18667127671570335, 'a': 0.2}",35,26,19.768254181630656,"{0: 9, 1: 0, 2: 0, 3: 0, 4: 0}",1
168,False,"{'e': 0.18480456394854633, 'a': 0.2}",30,20,6.227001013337992,"{0: 9, 1: 0, 2: 1, 3: 0, 4: 0}",1
169,False,"{'e': 0.18295651830906087, 'a': 0.2}",25,18,8.972118565662106,"{0: 7, 1: 0, 2: 0, 3: 0, 4: 0}",1
170,False,"{'e': 0.18112695312597027, 'a': 0.2}",20,12,2.982021301461992,"{0: 7, 1: 0, 2: 1, 3: 0, 4: 0}",1
171,False,"{'e': 0.17931568359471056, 'a': 0.2}",20,9,1.9347245461765965,"{0: 9, 1: 1, 2: 1, 3: 0, 4: 0}",1
172,False,"{'e': 0.17752252675876345, 'a': 0.2}",30,0,19.600428912980743,"{0: 28, 1: 1, 2: 1, 3: 0, 4: 0}",0
173,False,"{'e': 0.17574730149117582, 'a': 0.2}",20,6,-20.494117136635065,"{0: 13, 1: 0, 2: 0, 3: 0, 4: 1}",1
174,False,"{'e': 0.17398982847626407, 'a': 0.2}",20,4,-42.819803213956,"{0: 13, 1: 0, 2: 2, 3: 0, 4: 1}",1
175,False,"{'e': 0.17224993019150142, 'a': 0.2}",25,17,12.157756920402143,"{0: 8, 1: 0, 2: 0, 3: 0, 4: 0}",1
176,False,"{'e': 0.1705274308895864, 'a': 0.2}",20,2,-31.72413541577993,"{0: 16, 1: 0, 2: 1, 3: 0, 4: 1}",1
177,False,"{'e': 0.16882215658069055, 'a': 0.2}",25,0,-13.200288847522717,"{0: 23, 1: 1, 2: 0, 3: 0, 4: 1}",0
178,False,"{'e': 0.16713393501488363, 'a': 0.2}",30,16,5.990008775883451,"{0: 12, 1: 1, 2: 1, 3: 0, 4: 0}",1
179,False,"{'e': 0.16546259566473479, 'a': 0.2}",25,6,6.19653951335828,"{0: 16, 1: 3, 2: 0, 3: 0, 4: 0}",1
180,False,"{'e': 0.16380796970808745, 'a': 0.2}",20,10,-8.755095366349082,"{0: 8, 1: 1, 2: 0, 3: 1, 4: 0}",1
181,False,"{'e': 0.16216989001100657, 'a': 0.2}",25,10,-29.107974557999036,"{0: 13, 1: 0, 2: 1, 3: 0, 4: 1}",1
182,False,"{'e': 0.1605481911108965, 'a': 0.2}",20,14,11.07221645723079,"{0: 6, 1: 0, 2: 0, 3: 0, 4: 0}",1
183,False,"{'e': 0.15894270919978754, 'a': 0.2}",20,10,2.735141963400049,"{0: 9, 1: 0, 2: 1, 3: 0, 4: 0}",1
184,False,"{'e': 0.15735328210778965, 'a': 0.2}",30,21,-4.926541849846581,"{0: 8, 1: 0, 2: 0, 3: 1, 4: 0}",1
185,False,"{'e': 0.15577974928671176, 'a': 0.2}",35,20,24.606425055089943,"{0: 15, 1: 0, 2: 0, 3: 0, 4: 0}",1
186,False,"{'e': 0.15422195179384465, 'a': 0.2}",20,11,-10.212680683421503,"{0: 7, 1: 1, 2: 0, 3: 1, 4: 0}",1
187,False,"{'e': 0.1526797322759062, 'a': 0.2}",25,0,-40.015654115992405,"{0: 22, 1: 0, 2: 1, 3: 1, 4: 1}",0
188,False,"{'e': 0.15115293495314713, 'a': 0.2}",20,0,12.877530318107059,"{0: 19, 1: 0, 2: 1, 3: 0, 4: 0}",0
189,False,"{'e': 0.14964140560361566, 'a': 0.2}",25,0,-16.15289634953537,"{0: 23, 1: 0, 2: 1, 3: 0, 4: 1}",0
190,False,"{'e': 0.1481449915475795, 'a': 0.2}",30,20,-4.618410437339115,"{0: 9, 1: 0, 2: 0, 3: 1, 4: 0}",1
191,False,"{'e': 0.1466635416321037, 'a': 0.2}",20,3,-24.111447592291473,"{0: 15, 1: 0, 2: 1, 3: 0, 4: 1}",1
192,False,"{'e': 0.14519690621578268, 'a': 0.2}",20,0,2.8310017359465207,"{0: 18, 1: 0, 2: 2, 3: 0, 4: 0}",0
193,False,"{'e': 0.14374493715362485, 'a': 0.2}",20,2,24.06430089034756,"{0: 18, 1: 0, 2: 0, 3: 0, 4: 0}",1
194,False,"{'e': 0.1423074877820886, 'a': 0.2}",25,14,19.71180581605179,"{0: 11, 1: 0, 2: 0, 3: 0, 4: 0}",1
195,False,"{'e': 0.1408844129042677, 'a': 0.2}",25,3,6.239905244793232,"{0: 21, 1: 0, 2: 0, 3: 1, 4: 0}",1
196,False,"{'e': 0.13947556877522502, 'a': 0.2}",30,20,-66.46195746267412,"{0: 8, 1: 0, 2: 0, 3: 0, 4: 2}",1
197,False,"{'e': 0.13808081308747278, 'a': 0.2}",25,20,8.194538774113074,"{0: 5, 1: 0, 2: 0, 3: 0, 4: 0}",1
198,False,"{'e': 0.13670000495659804, 'a': 0.2}",20,12,14.869990054887662,"{0: 8, 1: 0, 2: 0, 3: 0, 4: 0}",1
199,False,"{'e': 0.13533300490703207, 'a': 0.2}",25,18,12.021244070948892,"{0: 7, 1: 0, 2: 0, 3: 0, 4: 0}",1
200,False,"{'e': 0.13397967485796175, 'a': 0.2}",25,5,19.229318220793036,"{0: 19, 1: 0, 2: 1, 3: 0, 4: 0}",1
201,False,"{'e': 0.13263987810938213, 'a': 0.2}",30,0,3.1679328391554247,"{0: 27, 1: 1, 2: 1, 3: 1, 4: 0}",0
202,False,"{'e': 0.1313134793282883, 'a': 0.2}",35,21,-18.806478191710372,"{0: 13, 1: 0, 2: 0, 3: 0, 4: 1}",1
203,False,"{'e': 0.13000034453500542, 'a': 0.2}",30,19,16.74712569471657,"{0: 11, 1: 0, 2: 0, 3: 0, 4: 0}",1
204,False,"{'e': 0.12870034108965536, 'a': 0.2}",25,8,29.3621009982092,"{0: 17, 1: 0, 2: 0, 3: 0, 4: 0}",1
205,False,"{'e': 0.12741333767875881, 'a': 0.2}",35,15,23.681281761859367,"{0: 19, 1: 0, 2: 1, 3: 0, 4: 0}",1
206,False,"{'e': 0.12613920430197123, 'a': 0.2}",25,10,-2.6030472127698028,"{0: 13, 1: 1, 2: 0, 3: 1, 4: 0}",1
207,False,"{'e': 0.12487781225895152, 'a': 0.2}",20,15,2.0258860169887027,"{0: 4, 1: 1, 2: 0, 3: 0, 4: 0}",1
208,False,"{'e': 0.123629034136362, 'a': 0.2}",25,0,38.15218066161589,"{0: 25, 1: 0, 2: 0, 3: 0, 4: 0}",0
209,False,"{'e': 0.12239274379499838, 'a': 0.2}",30,1,-19.207371211178295,"{0: 27, 1: 0, 2: 0, 3: 1, 4: 1}",1
210,False,"{'e': 0.1211688163570484, 'a': 0.2}",30,10,13.55550792311291,"{0: 19, 1: 0, 2: 0, 3: 1, 4: 0}",1
211,False,"{'e': 0.11995712819347792, 'a': 0.2}",30,13,6.552579808183525,"{0: 16, 1: 0, 2: 0, 3: 1, 4: 0}",1
212,False,"{'e': 0.11875755691154315, 'a': 0.2}",25,11,21.225416681101887,"{0: 14, 1: 0, 2: 0, 3: 0, 4: 0}",1
213,False,"{'e': 0.11756998134242772, 'a': 0.2}",30,20,7.668636961404829,"{0: 9, 1: 1, 2: 0, 3: 0, 4: 0}",1
214,False,"{'e': 0.11639428152900344, 'a': 0.2}",25,2,38.124319285949085,"{0: 23, 1: 0, 2: 0, 3: 0, 4: 0}",1
215,False,"{'e': 0.11523033871371341, 'a': 0.2}",25,15,18.724132691681778,"{0: 10, 1: 0, 2: 0, 3: 0, 4: 0}",1
216,False,"{'e': 0.11407803532657627, 'a': 0.2}",20,14,14.39250793266504,"{0: 6, 1: 0, 2: 0, 3: 0, 4: 0}",1
217,False,"{'e': 0.11293725497331052, 'a': 0.2}",20,16,7.494215083475574,"{0: 4, 1: 0, 2: 0, 3: 0, 4: 0}",1
218,False,"{'e': 0.1118078824235774, 'a': 0.2}",20,8,11.473666367897165,"{0: 11, 1: 0, 2: 1, 3: 0, 4: 0}",1
219,False,"{'e': 0.11068980359934164, 'a': 0.2}",20,9,-21.244131968676484,"{0: 10, 1: 0, 2: 0, 3: 0, 4: 1}",1
220,False,"{'e': 0.10958290556334822, 'a': 0.2}",30,12,16.59177446817613,"{0: 17, 1: 0, 2: 1, 3: 0, 4: 0}",1
221,False,"{'e': 0.10848707650771475, 'a': 0.2}",25,8,31.288018530488046,"{0: 17, 1: 0, 2: 0, 3: 0, 4: 0}",1
222,False,"{'e': 0.1074022057426376, 'a': 0.2}",30,10,-52.607921236515296,"{0: 17, 1: 1, 2: 0, 3: 0, 4: 2}",1
223,False,"{'e': 0.10632818368521123, 'a': 0.2}",20,0,27.47638282117341,"{0: 20, 1: 0, 2: 0, 3: 0, 4: 0}",0
224,False,"{'e': 0.10526490184835911, 'a': 0.2}",25,6,32.98223144907926,"{0: 19, 1: 0, 2: 0, 3: 0, 4: 0}",1
225,False,"{'e': 0.10421225282987552, 'a': 0.2}",25,14,11.32711831041187,"{0: 11, 1: 0, 2: 0, 3: 0, 4: 0}",1
226,False,"{'e': 0.10317013030157676, 'a': 0.2}",30,20,5.821126333768305,"{0: 9, 1: 0, 2: 1, 3: 0, 4: 0}",1
227,False,"{'e': 0.10213842899856099, 'a': 0.2}",20,7,18.88548872971486,"{0: 13, 1: 0, 2: 0, 3: 0, 4: 0}",1
228,False,"{'e': 0.10111704470857538, 'a': 0.2}",25,3,-44.61668493095987,"{0: 20, 1: 0, 2: 0, 3: 0, 4: 2}",1
229,False,"{'e': 0.10010587426148963, 'a': 0.2}",25,5,21.460592592039454,"{0: 19, 1: 0, 2: 1, 3: 0, 4: 0}",1
230,False,"{'e': 0.09910481551887473, 'a': 0.2}",30,12,-2.181934589387244,"{0: 16, 1: 0, 2: 1, 3: 1, 4: 0}",1
231,False,"{'e': 0.09811376736368599, 'a': 0.2}",20,10,16.634547917035498,"{0: 10, 1: 0, 2: 0, 3: 0, 4: 0}",1
232,False,"{'e': 0.09713262969004913, 'a': 0.2}",25,10,25.004280862762855,"{0: 15, 1: 0, 2: 0, 3: 0, 4: 0}",1
233,False,"{'e': 0.09616130339314863, 'a': 0.2}",20,12,15.292256204134244,"{0: 8, 1: 0, 2: 0, 3: 0, 4: 0}",1
234,False,"{'e': 0.09519969035921715, 'a': 0.2}",30,17,7.905376663361812,"{0: 12, 1: 0, 2: 1, 3: 0, 4: 0}",1
235,False,"{'e': 0.09424769345562498, 'a': 0.2}",20,16,7.950584667753464,"{0: 4, 1: 0, 2: 0, 3: 0, 4: 0}",1
236,False,"{'e': 0.09330521652106873, 'a': 0.2}",20,9,8.95976459887451,"{0: 10, 1: 0, 2: 1, 3: 0, 4: 0}",1
237,False,"{'e': 0.09237216435585804, 'a': 0.2}",20,14,13.1534319511046,"{0: 6, 1: 0, 2: 0, 3: 0, 4: 0}",1
238,False,"{'e': 0.09144844271229946, 'a': 0.2}",20,13,14.310308866315449,"{0: 7, 1: 0, 2: 0, 3: 0, 4: 0}",1
239,False,"{'e': 0.09053395828517646, 'a': 0.2}",30,15,29.37713821547062,"{0: 15, 1: 0, 2: 0, 3: 0, 4: 0}",1
240,False,"{'e': 0.08962861870232469, 'a': 0.2}",30,22,12.107243009004641,"{0: 8, 1: 0, 2: 0, 3: 0, 4: 0}",1
241,False,"{'e': 0.08873233251530144, 'a': 0.2}",20,12,11.39664979028996,"{0: 8, 1: 0, 2: 0, 3: 0, 4: 0}",1
242,False,"{'e': 0.08784500919014843, 'a': 0.2}",25,14,18.196354724131787,"{0: 11, 1: 0, 2: 0, 3: 0, 4: 0}",1
243,False,"{'e': 0.08696655909824694, 'a': 0.2}",20,12,13.701759121414286,"{0: 8, 1: 0, 2: 0, 3: 0, 4: 0}",1
244,False,"{'e': 0.08609689350726446, 'a': 0.2}",20,13,11.557438269308843,"{0: 7, 1: 0, 2: 0, 3: 0, 4: 0}",1
245,False,"{'e': 0.08523592457219181, 'a': 0.2}",35,21,6.57427652989773,"{0: 12, 1: 1, 2: 1, 3: 0, 4: 0}",1
246,False,"{'e': 0.0843835653264699, 'a': 0.2}",20,9,18.72711153455833,"{0: 11, 1: 0, 2: 0, 3: 0, 4: 0}",1
247,False,"{'e': 0.0835397296732052, 'a': 0.2}",20,8,-20.708209575193308,"{0: 11, 1: 0, 2: 0, 3: 0, 4: 1}",1
248,False,"{'e': 0.08270433237647315, 'a': 0.2}",35,2,48.00150999078511,"{0: 32, 1: 1, 2: 0, 3: 0, 4: 0}",1
249,False,"{'e': 0.08187728905270841, 'a': 0.2}",25,19,11.246548372221453,"{0: 6, 1: 0, 2: 0, 3: 0, 4: 0}",1
250,False,"{'e': 0.08105851616218133, 'a': 0.2}",30,14,-10.33284300546124,"{0: 15, 1: 0, 2: 0, 3: 0, 4: 1}",1
251,False,"{'e': 0.08024793100055952, 'a': 0.2}",25,11,21.03717288995691,"{0: 14, 1: 0, 2: 0, 3: 0, 4: 0}",1
252,False,"{'e': 0.07944545169055392, 'a': 0.2}",30,19,15.269213519581431,"{0: 10, 1: 1, 2: 0, 3: 0, 4: 0}",1
253,False,"{'e': 0.07865099717364837, 'a': 0.2}",20,3,19.31925548504187,"{0: 16, 1: 1, 2: 0, 3: 0, 4: 0}",1
254,False,"{'e': 0.07786448720191189, 'a': 0.2}",25,15,17.11073177338198,"{0: 10, 1: 0, 2: 0, 3: 0, 4: 0}",1
255,False,"{'e': 0.07708584232989277, 'a': 0.2}",25,20,10.65709302552704,"{0: 5, 1: 0, 2: 0, 3: 0, 4: 0}",1
256,False,"{'e': 0.07631498390659384, 'a': 0.2}",20,13,12.691734009045147,"{0: 7, 1: 0, 2: 0, 3: 0, 4: 0}",1
257,False,"{'e': 0.07555183406752791, 'a': 0.2}",30,16,17.0338438810771,"{0: 13, 1: 0, 2: 1, 3: 0, 4: 0}",1
258,False,"{'e': 0.07479631572685264, 'a': 0.2}",20,13,10.38007408115144,"{0: 7, 1: 0, 2: 0, 3: 0, 4: 0}",1
259,False,"{'e': 0.07404835256958411, 'a': 0.2}",20,12,15.72188498091958,"{0: 8, 1: 0, 2: 0, 3: 0, 4: 0}",1
260,False,"{'e': 0.07330786904388827, 'a': 0.2}",20,7,22.87793452918516,"{0: 13, 1: 0, 2: 0, 3: 0, 4: 0}",1
261,False,"{'e': 0.07257479035344938, 'a': 0.2}",30,19,6.129326479903978,"{0: 10, 1: 0, 2: 1, 3: 0, 4: 0}",1
262,False,"{'e': 0.07184904244991488, 'a': 0.2}",20,14,13.409695013444122,"{0: 6, 1: 0, 2: 0, 3: 0, 4: 0}",1
263,False,"{'e': 0.07113055202541574, 'a': 0.2}",25,8,6.757392727643657,"{0: 16, 1: 0, 2: 0, 3: 1, 4: 0}",1
264,False,"{'e': 0.07041924650516158, 'a': 0.2}",20,0,12.180349795612042,"{0: 19, 1: 0, 2: 1, 3: 0, 4: 0}",0
265,False,"{'e': 0.06971505404010997, 'a': 0.2}",20,15,10.190147797926828,"{0: 5, 1: 0, 2: 0, 3: 0, 4: 0}",1
266,False,"{'e': 0.06901790349970886, 'a': 0.2}",25,0,40.527468433688405,"{0: 25, 1: 0, 2: 0, 3: 0, 4: 0}",0
267,False,"{'e': 0.06832772446471178, 'a': 0.2}",25,0,35.23520237608496,"{0: 25, 1: 0, 2: 0, 3: 0, 4: 0}",0
268,False,"{'e': 0.06764444722006466, 'a': 0.2}",20,0,16.00853712569364,"{0: 19, 1: 0, 2: 1, 3: 0, 4: 0}",0
269,False,"{'e': 0.066968002747864, 'a': 0.2}",30,13,20.086665583444752,"{0: 16, 1: 0, 2: 1, 3: 0, 4: 0}",1
270,False,"{'e': 0.06629832272038537, 'a': 0.2}",20,5,23.89512402596782,"{0: 15, 1: 0, 2: 0, 3: 0, 4: 0}",1
271,False,"{'e': 0.06563533949318151, 'a': 0.2}",25,19,9.949336188272506,"{0: 6, 1: 0, 2: 0, 3: 0, 4: 0}",1
272,False,"{'e': 0.06497898609824969, 'a': 0.2}",25,16,17.785102932791858,"{0: 9, 1: 0, 2: 0, 3: 0, 4: 0}",1
273,False,"{'e': 0.0643291962372672, 'a': 0.2}",20,5,22.49542804467211,"{0: 15, 1: 0, 2: 0, 3: 0, 4: 0}",1
274,False,"{'e': 0.06368590427489453, 'a': 0.2}",25,17,16.510024967623178,"{0: 8, 1: 0, 2: 0, 3: 0, 4: 0}",1
275,False,"{'e': 0.06304904523214558, 'a': 0.2}",30,14,15.536179521942108,"{0: 15, 1: 0, 2: 1, 3: 0, 4: 0}",1
276,False,"{'e': 0.06241855477982412, 'a': 0.2}",30,22,13.805032674982085,"{0: 8, 1: 0, 2: 0, 3: 0, 4: 0}",1
277,False,"{'e': 0.06179436923202588, 'a': 0.2}",20,8,23.21793868113744,"{0: 12, 1: 0, 2: 0, 3: 0, 4: 0}",1
278,False,"{'e': 0.06117642553970562, 'a': 0.2}",25,18,-49.14616979494143,"{0: 5, 1: 0, 2: 0, 3: 1, 4: 1}",1
279,False,"{'e': 0.06056466128430856, 'a': 0.2}",25,0,-16.914287075510465,"{0: 23, 1: 0, 2: 1, 3: 0, 4: 1}",0
280,False,"{'e': 0.05995901467146548, 'a': 0.2}",25,11,23.953474774704663,"{0: 14, 1: 0, 2: 0, 3: 0, 4: 0}",1
281,False,"{'e': 0.05935942452475082, 'a': 0.2}",20,6,24.134138691784607,"{0: 14, 1: 0, 2: 0, 3: 0, 4: 0}",1
282,False,"{'e': 0.058765830279503314, 'a': 0.2}",25,17,7.369661285709437,"{0: 7, 1: 1, 2: 0, 3: 0, 4: 0}",1
283,False,"{'e': 0.05817817197670828, 'a': 0.2}",20,2,12.737752023654,"{0: 17, 1: 0, 2: 1, 3: 0, 4: 0}",1
284,False,"{'e': 0.057596390256941195, 'a': 0.2}",20,14,-10.647549893472643,"{0: 5, 1: 0, 2: 0, 3: 1, 4: 0}",1
285,False,"{'e': 0.05702042635437178, 'a': 0.2}",20,0,28.11828440918854,"{0: 20, 1: 0, 2: 0, 3: 0, 4: 0}",0
286,False,"{'e': 0.05645022209082806, 'a': 0.2}",20,14,13.515751171507825,"{0: 6, 1: 0, 2: 0, 3: 0, 4: 0}",1
287,False,"{'e': 0.05588571986991978, 'a': 0.2}",20,15,9.8054302912,"{0: 5, 1: 0, 2: 0, 3: 0, 4: 0}",1
288,False,"{'e': 0.055326862671220584, 'a': 0.2}",30,21,16.532960445474092,"{0: 9, 1: 0, 2: 0, 3: 0, 4: 0}",1
289,False,"{'e': 0.05477359404450838, 'a': 0.2}",20,2,-52.89888063597053,"{0: 16, 1: 0, 2: 0, 3: 0, 4: 2}",1
290,False,"{'e': 0.054225858104063294, 'a': 0.2}",20,14,11.380056456057343,"{0: 6, 1: 0, 2: 0, 3: 0, 4: 0}",1
291,False,"{'e': 0.05368359952302266, 'a': 0.2}",20,12,16.973793912467958,"{0: 8, 1: 0, 2: 0, 3: 0, 4: 0}",1
292,False,"{'e': 0.053146763527792434, 'a': 0.2}",20,14,3.7054383779451623,"{0: 5, 1: 1, 2: 0, 3: 0, 4: 0}",1
293,False,"{'e': 0.052615295892514506, 'a': 0.2}",20,0,-15.86214117386703,"{0: 19, 1: 0, 2: 0, 3: 0, 4: 1}",0
294,False,"{'e': 0.052089142933589364, 'a': 0.2}",20,10,17.256846165521374,"{0: 10, 1: 0, 2: 0, 3: 0, 4: 0}",1
295,False,"{'e': 0.05156825150425347, 'a': 0.2}",30,16,23.481060152957383,"{0: 14, 1: 0, 2: 0, 3: 0, 4: 0}",1
296,False,"{'e': 0.051052568989210935, 'a': 0.2}",20,5,18.426173230750788,"{0: 15, 1: 0, 2: 0, 3: 0, 4: 0}",1
297,False,"{'e': 0.05054204329931883, 'a': 0.2}",20,9,17.08379047639999,"{0: 11, 1: 0, 2: 0, 3: 0, 4: 0}",1
298,False,"{'e': 0.05003662286632564, 'a': 0.2}",20,0,22.02963786392057,"{0: 19, 1: 1, 2: 0, 3: 0, 4: 0}",0
299,False,"{'e': 0.04953625663766238, 'a': 0.2}",25,7,5.268898624663882,"{0: 17, 1: 0, 2: 0, 3: 1, 4: 0}",1
300,False,"{'e': 0.04904089407128576, 'a': 0.2}",25,3,32.758356714989986,"{0: 21, 1: 1, 2: 0, 3: 0, 4: 0}",1
301,False,"{'e': 0.0485504851305729, 'a': 0.2}",35,19,25.341995498245886,"{0: 16, 1: 0, 2: 0, 3: 0, 4: 0}",1
302,False,"{'e': 0.048064980279267165, 'a': 0.2}",20,12,15.715086310690829,"{0: 8, 1: 0, 2: 0, 3: 0, 4: 0}",1
303,False,"{'e': 0.04758433047647449, 'a': 0.2}",25,15,16.913960265375408,"{0: 10, 1: 0, 2: 0, 3: 0, 4: 0}",1
304,False,"{'e': 0.04710848717170975, 'a': 0.2}",20,3,29.976885184509307,"{0: 17, 1: 0, 2: 0, 3: 0, 4: 0}",1
305,False,"{'e': 0.04663740229999265, 'a': 0.2}",25,14,21.886200587323042,"{0: 11, 1: 0, 2: 0, 3: 0, 4: 0}",1
306,False,"{'e': 0.04617102827699272, 'a': 0.2}",20,10,17.451948503254307,"{0: 10, 1: 0, 2: 0, 3: 0, 4: 0}",1
307,False,"{'e': 0.045709317994222794, 'a': 0.2}",25,0,36.063984708267164,"{0: 25, 1: 0, 2: 0, 3: 0, 4: 0}",1
308,False,"{'e': 0.04525222481428057, 'a': 0.2}",20,7,21.072832321420048,"{0: 13, 1: 0, 2: 0, 3: 0, 4: 0}",1
309,False,"{'e': 0.04479970256613776, 'a': 0.2}",35,7,18.14801416948403,"{0: 26, 1: 1, 2: 0, 3: 1, 4: 0}",1
310,False,"{'e': 0.04435170554047638, 'a': 0.2}",25,12,2.838046399937893,"{0: 12, 1: 0, 2: 0, 3: 1, 4: 0}",1
311,False,"{'e': 0.043908188485071616, 'a': 0.2}",30,18,22.236357623312408,"{0: 12, 1: 0, 2: 0, 3: 0, 4: 0}",1
312,False,"{'e': 0.0434691066002209, 'a': 0.2}",20,14,12.155516143415554,"{0: 6, 1: 0, 2: 0, 3: 0, 4: 0}",1
313,False,"{'e': 0.04303441553421869, 'a': 0.2}",25,13,21.19138875833114,"{0: 12, 1: 0, 2: 0, 3: 0, 4: 0}",1
314,False,"{'e': 0.0426040713788765, 'a': 0.2}",20,0,-55.439701873376364,"{0: 18, 1: 0, 2: 0, 3: 0, 4: 2}",0
315,False,"{'e': 0.04217803066508773, 'a': 0.2}",30,10,22.341634554202813,"{0: 19, 1: 0, 2: 1, 3: 0, 4: 0}",1
316,False,"{'e': 0.04175625035843686, 'a': 0.2}",20,13,9.374985595638735,"{0: 7, 1: 0, 2: 0, 3: 0, 4: 0}",1
317,False,"{'e': 0.041338687854852486, 'a': 0.2}",25,17,1.2331807397560013,"{0: 7, 1: 0, 2: 1, 3: 0, 4: 0}",1
318,False,"{'e': 0.04092530097630396, 'a': 0.2}",25,7,17.437544468113295,"{0: 17, 1: 0, 2: 1, 3: 0, 4: 0}",1
319,False,"{'e': 0.040516047966540916, 'a': 0.2}",30,17,23.149200412455578,"{0: 13, 1: 0, 2: 0, 3: 0, 4: 0}",1
320,False,"{'e': 0.04011088748687551, 'a': 0.2}",30,24,9.911113984542483,"{0: 6, 1: 0, 2: 0, 3: 0, 4: 0}",1
321,False,"{'e': 0.03970977861200675, 'a': 0.2}",30,8,30.29685260783711,"{0: 21, 1: 0, 2: 1, 3: 0, 4: 0}",1
322,False,"{'e': 0.03931268082588668, 'a': 0.2}",25,17,13.242164695049983,"{0: 8, 1: 0, 2: 0, 3: 0, 4: 0}",1
323,False,"{'e': 0.03891955401762781, 'a': 0.2}",20,16,7.421369115806006,"{0: 4, 1: 0, 2: 0, 3: 0, 4: 0}",1
324,False,"{'e': 0.03853035847745153, 'a': 0.2}",20,0,24.64024440514095,"{0: 20, 1: 0, 2: 0, 3: 0, 4: 0}",0
325,False,"{'e': 0.03814505489267701, 'a': 0.2}",25,16,16.63410341410848,"{0: 9, 1: 0, 2: 0, 3: 0, 4: 0}",1
326,False,"{'e': 0.03776360434375024, 'a': 0.2}",35,20,15.972918589579873,"{0: 14, 1: 0, 2: 1, 3: 0, 4: 0}",1
327,False,"{'e': 0.03738596830031274, 'a': 0.2}",30,10,27.38703831540446,"{0: 19, 1: 1, 2: 0, 3: 0, 4: 0}",1
328,False,"{'e': 0.03701210861730961, 'a': 0.2}",20,1,11.855759290332472,"{0: 18, 1: 0, 2: 1, 3: 0, 4: 0}",1
329,False,"{'e': 0.03664198753113651, 'a': 0.2}",25,0,35.09151660568873,"{0: 25, 1: 0, 2: 0, 3: 0, 4: 0}",0
330,False,"{'e': 0.036275567655825146, 'a': 0.2}",25,18,14.160717354678233,"{0: 7, 1: 0, 2: 0, 3: 0, 4: 0}",1
331,False,"{'e': 0.03591281197926689, 'a': 0.2}",20,3,27.444060382459647,"{0: 17, 1: 0, 2: 0, 3: 0, 4: 0}",1
332,False,"{'e': 0.035553683859474224, 'a': 0.2}",20,0,7.250669644098654,"{0: 18, 1: 0, 2: 2, 3: 0, 4: 0}",0
333,False,"{'e': 0.03519814702087948, 'a': 0.2}",25,7,34.31123950860954,"{0: 18, 1: 0, 2: 0, 3: 0, 4: 0}",1
334,False,"{'e': 0.03484616555067068, 'a': 0.2}",20,6,22.251294364391438,"{0: 14, 1: 0, 2: 0, 3: 0, 4: 0}",1
335,False,"{'e': 0.034497703895163975, 'a': 0.2}",25,8,21.568716171563317,"{0: 16, 1: 0, 2: 1, 3: 0, 4: 0}",1
336,False,"{'e': 0.03415272685621234, 'a': 0.2}",30,24,9.667716793135103,"{0: 6, 1: 0, 2: 0, 3: 0, 4: 0}",1
337,False,"{'e': 0.03381119958765021, 'a': 0.2}",20,10,4.714862666839833,"{0: 9, 1: 0, 2: 1, 3: 0, 4: 0}",1
338,False,"{'e': 0.03347308759177371, 'a': 0.2}",25,0,29.045049252449772,"{0: 25, 1: 0, 2: 0, 3: 0, 4: 0}",0
339,False,"{'e': 0.03313835671585597, 'a': 0.2}",35,0,47.31562943299172,"{0: 35, 1: 0, 2: 0, 3: 0, 4: 0}",0
340,False,"{'e': 0.03280697314869741, 'a': 0.2}",25,0,-27.940598281560632,"{0: 23, 1: 0, 2: 0, 3: 1, 4: 1}",0
341,False,"{'e': 0.032478903417210436, 'a': 0.2}",35,20,-16.30624703664705,"{0: 14, 1: 0, 2: 0, 3: 0, 4: 1}",1
342,False,"{'e': 0.032154114383038335, 'a': 0.2}",20,12,10.912569847645559,"{0: 8, 1: 0, 2: 0, 3: 0, 4: 0}",1
343,False,"{'e': 0.03183257323920795, 'a': 0.2}",20,11,16.587165911695646,"{0: 9, 1: 0, 2: 0, 3: 0, 4: 0}",1
344,False,"{'e': 0.03151424750681587, 'a': 0.2}",20,9,21.362499585186608,"{0: 11, 1: 0, 2: 0, 3: 0, 4: 0}",1
345,False,"{'e': 0.03119910503174771, 'a': 0.2}",20,10,12.56719248627843,"{0: 9, 1: 1, 2: 0, 3: 0, 4: 0}",1
346,False,"{'e': 0.030887113981430233, 'a': 0.2}",30,10,37.21314299434712,"{0: 20, 1: 0, 2: 0, 3: 0, 4: 0}",1
347,False,"{'e': 0.03057824284161593, 'a': 0.2}",20,6,11.196692383320283,"{0: 13, 1: 0, 2: 1, 3: 0, 4: 0}",1
348,False,"{'e': 0.03027246041319977, 'a': 0.2}",35,16,22.13244375095536,"{0: 18, 1: 0, 2: 1, 3: 0, 4: 0}",1
349,False,"{'e': 0.029969735809067772, 'a': 0.2}",20,10,20.9953907350509,"{0: 10, 1: 0, 2: 0, 3: 0, 4: 0}",1
350,False,"{'e': 0.029670038450977095, 'a': 0.2}",25,11,20.135609472179933,"{0: 13, 1: 1, 2: 0, 3: 0, 4: 0}",1
351,False,"{'e': 0.029373338066467324, 'a': 0.2}",20,15,-3.0860665942750165,"{0: 4, 1: 0, 2: 1, 3: 0, 4: 0}",1
352,False,"{'e': 0.02907960468580265, 'a': 0.2}",25,11,0.30864687073444963,"{0: 13, 1: 0, 2: 0, 3: 1, 4: 0}",1
353,False,"{'e': 0.028788808638944622, 'a': 0.2}",25,11,14.39291782717116,"{0: 13, 1: 0, 2: 1, 3: 0, 4: 0}",1
354,False,"{'e': 0.028500920552555174, 'a': 0.2}",25,8,29.110457613305353,"{0: 17, 1: 0, 2: 0, 3: 0, 4: 0}",1
355,False,"{'e': 0.028215911347029624, 'a': 0.2}",25,11,12.827860286972658,"{0: 13, 1: 0, 2: 1, 3: 0, 4: 0}",1
356,False,"{'e': 0.027933752233559327, 'a': 0.2}",20,16,6.981757333153199,"{0: 4, 1: 0, 2: 0, 3: 0, 4: 0}",1
357,False,"{'e': 0.027654414711223735, 'a': 0.2}",25,13,20.77877950507341,"{0: 12, 1: 0, 2: 0, 3: 0, 4: 0}",1
358,False,"{'e': 0.027377870564111496, 'a': 0.2}",20,14,12.509867618543037,"{0: 6, 1: 0, 2: 0, 3: 0, 4: 0}",1
359,False,"{'e': 0.027104091858470382, 'a': 0.2}",20,7,23.382584783801164,"{0: 13, 1: 0, 2: 0, 3: 0, 4: 0}",1
360,False,"{'e': 0.026833050939885677, 'a': 0.2}",20,8,21.669105407575678,"{0: 12, 1: 0, 2: 0, 3: 0, 4: 0}",1
361,False,"{'e': 0.02656472043048682, 'a': 0.2}",30,19,7.361614650028658,"{0: 10, 1: 0, 2: 1, 3: 0, 4: 0}",1
362,False,"{'e': 0.02629907322618195, 'a': 0.2}",20,3,26.213143865266016,"{0: 17, 1: 0, 2: 0, 3: 0, 4: 0}",1
363,False,"{'e': 0.026036082493920133, 'a': 0.2}",20,8,17.7332974671107,"{0: 12, 1: 0, 2: 0, 3: 0, 4: 0}",1
364,False,"{'e': 0.02577572166898093, 'a': 0.2}",25,15,14.998067749694266,"{0: 9, 1: 1, 2: 0, 3: 0, 4: 0}",1
365,False,"{'e': 0.025517964452291122, 'a': 0.2}",25,0,0.40604430193998553,"{0: 23, 1: 0, 2: 1, 3: 1, 4: 0}",0
366,False,"{'e': 0.02526278480776821, 'a': 0.2}",30,13,32.46834580239041,"{0: 17, 1: 0, 2: 0, 3: 0, 4: 0}",1
367,False,"{'e': 0.025010156959690527, 'a': 0.2}",20,16,10.168489231154588,"{0: 4, 1: 0, 2: 0, 3: 0, 4: 0}",1
368,False,"{'e': 0.02476005539009362, 'a': 0.2}",25,10,2.711699831059521,"{0: 14, 1: 0, 2: 0, 3: 1, 4: 0}",1
369,False,"{'e': 0.024512454836192684, 'a': 0.2}",25,16,15.119733733617249,"{0: 9, 1: 0, 2: 0, 3: 0, 4: 0}",1
370,False,"{'e': 0.024267330287830756, 'a': 0.2}",25,12,22.120578384148224,"{0: 13, 1: 0, 2: 0, 3: 0, 4: 0}",1
371,False,"{'e': 0.024024656984952448, 'a': 0.2}",20,6,23.39881635773425,"{0: 14, 1: 0, 2: 0, 3: 0, 4: 0}",1
372,False,"{'e': 0.023784410415102923, 'a': 0.2}",25,16,14.548293034090698,"{0: 9, 1: 0, 2: 0, 3: 0, 4: 0}",1
373,False,"{'e': 0.023546566310951894, 'a': 0.2}",30,4,-9.413347521179787,"{0: 24, 1: 0, 2: 1, 3: 0, 4: 1}",1
374,False,"{'e': 0.023311100647842375, 'a': 0.2}",30,8,37.59361486521567,"{0: 22, 1: 0, 2: 0, 3: 0, 4: 0}",1
375,False,"{'e': 0.02307798964136395, 'a': 0.2}",20,6,21.993230474116906,"{0: 14, 1: 0, 2: 0, 3: 0, 4: 0}",1
376,False,"{'e': 0.022847209744950314, 'a': 0.2}",20,11,17.770814600702014,"{0: 9, 1: 0, 2: 0, 3: 0, 4: 0}",1
377,False,"{'e': 0.02261873764750081, 'a': 0.2}",20,10,18.886217185508286,"{0: 10, 1: 0, 2: 0, 3: 0, 4: 0}",1
378,False,"{'e': 0.022392550271025803, 'a': 0.2}",25,0,-0.43035930110683274,"{0: 23, 1: 0, 2: 1, 3: 1, 4: 0}",0
379,False,"{'e': 0.022168624768315544, 'a': 0.2}",25,17,17.098094845841217,"{0: 8, 1: 0, 2: 0, 3: 0, 4: 0}",1
380,False,"{'e': 0.02194693852063239, 'a': 0.2}",25,8,-12.563775259683036,"{0: 16, 1: 0, 2: 0, 3: 0, 4: 1}",1
381,False,"{'e': 0.021727469135426065, 'a': 0.2}",25,11,21.809508649747194,"{0: 14, 1: 0, 2: 0, 3: 0, 4: 0}",1
382,False,"{'e': 0.021510194444071803, 'a': 0.2}",25,18,1.4181542252707602,"{0: 6, 1: 0, 2: 1, 3: 0, 4: 0}",1
383,False,"{'e': 0.021295092499631085, 'a': 0.2}",20,3,24.99312797912851,"{0: 17, 1: 0, 2: 0, 3: 0, 4: 0}",1
384,False,"{'e': 0.021082141574634772, 'a': 0.2}",20,15,9.309712039114961,"{0: 5, 1: 0, 2: 0, 3: 0, 4: 0}",1
385,False,"{'e': 0.020871320158888425, 'a': 0.2}",20,0,3.7589435368826383,"{0: 18, 1: 1, 2: 0, 3: 1, 4: 0}",0
386,False,"{'e': 0.020662606957299542, 'a': 0.2}",25,17,18.838604406649445,"{0: 8, 1: 0, 2: 0, 3: 0, 4: 0}",1
387,False,"{'e': 0.020455980887726547, 'a': 0.2}",20,8,20.327854419922662,"{0: 12, 1: 0, 2: 0, 3: 0, 4: 0}",1
388,False,"{'e': 0.02025142107884928, 'a': 0.2}",20,10,19.12948995109239,"{0: 10, 1: 0, 2: 0, 3: 0, 4: 0}",1
389,False,"{'e': 0.020048906868060788, 'a': 0.2}",25,20,7.7548256221998075,"{0: 5, 1: 0, 2: 0, 3: 0, 4: 0}",1
390,False,"{'e': 0.01984841779938018, 'a': 0.2}",20,8,19.997454522090237,"{0: 12, 1: 0, 2: 0, 3: 0, 4: 0}",1
391,False,"{'e': 0.019649933621386378, 'a': 0.2}",25,8,31.39722849500551,"{0: 17, 1: 0, 2: 0, 3: 0, 4: 0}",1
392,False,"{'e': 0.019453434285172513, 'a': 0.2}",35,16,30.86384769912175,"{0: 19, 1: 0, 2: 0, 3: 0, 4: 0}",1
393,False,"{'e': 0.019258899942320787, 'a': 0.2}",30,16,23.755707306135616,"{0: 14, 1: 0, 2: 0, 3: 0, 4: 0}",1
394,False,"{'e': 0.01906631094289758, 'a': 0.2}",35,12,41.65773317512319,"{0: 23, 1: 0, 2: 0, 3: 0, 4: 0}",1
395,False,"{'e': 0.018875647833468602, 'a': 0.2}",20,10,19.89021368403791,"{0: 10, 1: 0, 2: 0, 3: 0, 4: 0}",1
396,False,"{'e': 0.018686891355133916, 'a': 0.2}",25,10,28.08333269148049,"{0: 15, 1: 0, 2: 0, 3: 0, 4: 0}",1
397,False,"{'e': 0.018500022441582577, 'a': 0.2}",25,15,18.786305673679937,"{0: 10, 1: 0, 2: 0, 3: 0, 4: 0}",1
398,False,"{'e': 0.01831502221716675, 'a': 0.2}",20,10,15.834814714709342,"{0: 10, 1: 0, 2: 0, 3: 0, 4: 0}",1
399,False,"{'e': 0.018131871994995084, 'a': 0.2}",25,14,23.740806912604917,"{0: 11, 1: 0, 2: 0, 3: 0, 4: 0}",1
400,False,"{'e': 0.017950553275045134, 'a': 0.2}",20,9,16.75000773291581,"{0: 11, 1: 0, 2: 0, 3: 0, 4: 0}",1
401,False,"{'e': 0.017771047742294682, 'a': 0.2}",30,18,21.32989263116059,"{0: 12, 1: 0, 2: 0, 3: 0, 4: 0}",1
402,False,"{'e': 0.017593337264871736, 'a': 0.2}",20,10,17.788922885854376,"{0: 10, 1: 0, 2: 0, 3: 0, 4: 0}",1
403,False,"{'e': 0.01741740389222302, 'a': 0.2}",25,2,36.493253103939125,"{0: 23, 1: 0, 2: 0, 3: 0, 4: 0}",1
404,False,"{'e': 0.01724322985330079, 'a': 0.2}",25,10,25.095158976359425,"{0: 15, 1: 0, 2: 0, 3: 0, 4: 0}",1
405,False,"{'e': 0.017070797554767782, 'a': 0.2}",35,26,16.67218978306901,"{0: 9, 1: 0, 2: 0, 3: 0, 4: 0}",1
406,False,"{'e': 0.016900089579220106, 'a': 0.2}",25,10,25.138650673023733,"{0: 15, 1: 0, 2: 0, 3: 0, 4: 0}",1
407,False,"{'e': 0.016731088683427906, 'a': 0.2}",30,11,35.14587975915362,"{0: 19, 1: 0, 2: 0, 3: 0, 4: 0}",1
408,False,"{'e': 0.016563777796593626, 'a': 0.2}",30,8,-6.4209513006526935,"{0: 21, 1: 0, 2: 0, 3: 0, 4: 1}",1
409,False,"{'e': 0.016398140018627688, 'a': 0.2}",25,7,-19.939650411858235,"{0: 17, 1: 0, 2: 0, 3: 0, 4: 1}",1
410,False,"{'e': 0.01623415861844141, 'a': 0.2}",30,0,40.14631112816983,"{0: 30, 1: 0, 2: 0, 3: 0, 4: 0}",0
411,False,"{'e': 0.016071817032256998, 'a': 0.2}",20,12,14.74359759949974,"{0: 8, 1: 0, 2: 0, 3: 0, 4: 0}",1
412,False,"{'e': 0.01591109886193443, 'a': 0.2}",25,14,18.965776447553576,"{0: 11, 1: 0, 2: 0, 3: 0, 4: 0}",1
413,False,"{'e': 0.015751987873315085, 'a': 0.2}",20,11,14.394536564026506,"{0: 9, 1: 0, 2: 0, 3: 0, 4: 0}",1
414,False,"{'e': 0.015594467994581935, 'a': 0.2}",20,11,13.854250229088699,"{0: 9, 1: 0, 2: 0, 3: 0, 4: 0}",1
415,False,"{'e': 0.015438523314636115, 'a': 0.2}",25,0,40.587416947836694,"{0: 25, 1: 0, 2: 0, 3: 0, 4: 0}",0
416,False,"{'e': 0.015284138081489753, 'a': 0.2}",20,5,23.887922142645174,"{0: 15, 1: 0, 2: 0, 3: 0, 4: 0}",1
417,False,"{'e': 0.015131296700674856, 'a': 0.2}",25,11,24.793539032899204,"{0: 14, 1: 0, 2: 0, 3: 0, 4: 0}",1
418,False,"{'e': 0.014979983733668108, 'a': 0.2}",25,7,25.86234840537735,"{0: 18, 1: 0, 2: 0, 3: 0, 4: 0}",1
419,False,"{'e': 0.014830183896331426, 'a': 0.2}",20,13,11.301712398963165,"{0: 7, 1: 0, 2: 0, 3: 0, 4: 0}",1
420,False,"{'e': 0.014681882057368112, 'a': 0.2}",25,0,37.50060708610649,"{0: 25, 1: 0, 2: 0, 3: 0, 4: 0}",0
421,False,"{'e': 0.01453506323679443, 'a': 0.2}",20,3,10.186956673209501,"{0: 16, 1: 0, 2: 1, 3: 0, 4: 0}",1
422,False,"{'e': 0.014389712604426485, 'a': 0.2}",20,11,14.407908911099428,"{0: 9, 1: 0, 2: 0, 3: 0, 4: 0}",1
423,False,"{'e': 0.01424581547838222, 'a': 0.2}",20,1,27.231627589622953,"{0: 19, 1: 0, 2: 0, 3: 0, 4: 0}",1
424,False,"{'e': 0.014103357323598397, 'a': 0.2}",20,0,28.324381987494423,"{0: 20, 1: 0, 2: 0, 3: 0, 4: 0}",0
425,False,"{'e': 0.013962323750362413, 'a': 0.2}",25,9,22.393200577111983,"{0: 16, 1: 0, 2: 0, 3: 0, 4: 0}",1
426,False,"{'e': 0.013822700512858789, 'a': 0.2}",30,14,32.66148595424889,"{0: 16, 1: 0, 2: 0, 3: 0, 4: 0}",1
427,False,"{'e': 0.0136844735077302, 'a': 0.2}",25,17,16.152983146411902,"{0: 8, 1: 0, 2: 0, 3: 0, 4: 0}",1
428,False,"{'e': 0.013547628772652899, 'a': 0.2}",20,0,26.622834299407316,"{0: 20, 1: 0, 2: 0, 3: 0, 4: 0}",0
429,False,"{'e': 0.01341215248492637, 'a': 0.2}",20,11,14.24056058483287,"{0: 9, 1: 0, 2: 0, 3: 0, 4: 0}",1
430,False,"{'e': 0.013278030960077106, 'a': 0.2}",25,19,10.735976590574893,"{0: 6, 1: 0, 2: 0, 3: 0, 4: 0}",1
431,False,"{'e': 0.013145250650476335, 'a': 0.2}",20,9,16.99155708127222,"{0: 11, 1: 0, 2: 0, 3: 0, 4: 0}",1
432,False,"{'e': 0.01301379814397157, 'a': 0.2}",25,15,21.81747804164885,"{0: 10, 1: 0, 2: 0, 3: 0, 4: 0}",1
433,False,"{'e': 0.012883660162531854, 'a': 0.2}",20,8,21.460482783070688,"{0: 12, 1: 0, 2: 0, 3: 0, 4: 0}",1
434,False,"{'e': 0.012754823560906535, 'a': 0.2}",20,8,23.56213809651406,"{0: 12, 1: 0, 2: 0, 3: 0, 4: 0}",1
435,False,"{'e': 0.01262727532529747, 'a': 0.2}",25,15,14.669998033833885,"{0: 10, 1: 0, 2: 0, 3: 0, 4: 0}",1
436,False,"{'e': 0.012501002572044496, 'a': 0.2}",20,5,28.48492419629953,"{0: 15, 1: 0, 2: 0, 3: 0, 4: 0}",1
437,False,"{'e': 0.01237599254632405, 'a': 0.2}",25,16,17.050928328339893,"{0: 9, 1: 0, 2: 0, 3: 0, 4: 0}",1
438,False,"{'e': 0.01225223262086081, 'a': 0.2}",20,14,13.790409892297266,"{0: 6, 1: 0, 2: 0, 3: 0, 4: 0}",1
439,False,"{'e': 0.012129710294652202, 'a': 0.2}",25,0,41.88699416991781,"{0: 25, 1: 0, 2: 0, 3: 0, 4: 0}",0
440,False,"{'e': 0.01200841319170568, 'a': 0.2}",20,7,23.013223283425095,"{0: 13, 1: 0, 2: 0, 3: 0, 4: 0}",1
441,False,"{'e': 0.011888329059788623, 'a': 0.2}",25,11,27.17952229604388,"{0: 14, 1: 0, 2: 0, 3: 0, 4: 0}",1
442,False,"{'e': 0.011769445769190737, 'a': 0.2}",30,17,21.739132854774773,"{0: 13, 1: 0, 2: 0, 3: 0, 4: 0}",1
443,False,"{'e': 0.01165175131149883, 'a': 0.2}",20,12,16.008851074881623,"{0: 8, 1: 0, 2: 0, 3: 0, 4: 0}",1
444,False,"{'e': 0.011535233798383842, 'a': 0.2}",20,13,14.427702344767903,"{0: 7, 1: 0, 2: 0, 3: 0, 4: 0}",1
445,False,"{'e': 0.011419881460400004, 'a': 0.2}",20,6,22.466365077562365,"{0: 14, 1: 0, 2: 0, 3: 0, 4: 0}",1
446,False,"{'e': 0.011305682645796004, 'a': 0.2}",30,13,15.485497597070633,"{0: 16, 1: 0, 2: 1, 3: 0, 4: 0}",1
447,False,"{'e': 0.011192625819338045, 'a': 0.2}",25,0,32.97861453177174,"{0: 25, 1: 0, 2: 0, 3: 0, 4: 0}",0
448,False,"{'e': 0.011080699561144665, 'a': 0.2}",20,12,2.883568372323743,"{0: 7, 1: 0, 2: 1, 3: 0, 4: 0}",1
449,False,"{'e': 0.010969892565533218, 'a': 0.2}",20,15,8.1803161767874,"{0: 5, 1: 0, 2: 0, 3: 0, 4: 0}",1
450,False,"{'e': 0.010860193639877886, 'a': 0.2}",30,23,8.896939744742049,"{0: 7, 1: 0, 2: 0, 3: 0, 4: 0}",1
451,False,"{'e': 0.010751591703479106, 'a': 0.2}",20,3,25.849888718778363,"{0: 17, 1: 0, 2: 0, 3: 0, 4: 0}",1
452,False,"{'e': 0.010644075786444315, 'a': 0.2}",20,9,18.09709892487787,"{0: 11, 1: 0, 2: 0, 3: 0, 4: 0}",1
453,False,"{'e': 0.010537635028579873, 'a': 0.2}",20,12,14.200861862540336,"{0: 8, 1: 0, 2: 0, 3: 0, 4: 0}",1
454,False,"{'e': 0.010432258678294073, 'a': 0.2}",25,13,18.147492554955512,"{0: 12, 1: 0, 2: 0, 3: 0, 4: 0}",1
455,False,"{'e': 0.010327936091511133, 'a': 0.2}",35,24,22.834984919765432,"{0: 11, 1: 0, 2: 0, 3: 0, 4: 0}",1
456,False,"{'e': 0.010224656730596022, 'a': 0.2}",20,15,7.5097076066403154,"{0: 5, 1: 0, 2: 0, 3: 0, 4: 0}",1
457,False,"{'e': 0.01012241016329006, 'a': 0.2}",30,23,15.246357903546432,"{0: 7, 1: 0, 2: 0, 3: 0, 4: 0}",1
458,False,"{'e': 0.01002118606165716, 'a': 0.2}",25,15,16.89672464391525,"{0: 10, 1: 0, 2: 0, 3: 0, 4: 0}",1
459,False,"{'e': 0.009920974201040588, 'a': 0.2}",20,9,17.87798346873776,"{0: 11, 1: 0, 2: 0, 3: 0, 4: 0}",1
1,True,"{'e': 0.0, 'a': 0.0}",30,12,29.95417712101991,"{0: 18, 1: 0, 2: 0, 3: 0, 4: 0}",1
2,True,"{'e': 0.0, 'a': 0.0}",35,19,27.998320185504642,"{0: 16, 1: 0, 2: 0, 3: 0, 4: 0}",1
3,True,"{'e': 0.0, 'a': 0.0}",25,17,15.488503171846938,"{0: 8, 1: 0, 2: 0, 3: 0, 4: 0}",1
4,True,"{'e': 0.0, 'a': 0.0}",20,0,29.59715229741026,"{0: 20, 1: 0, 2: 0, 3: 0, 4: 0}",0
5,True,"{'e': 0.0, 'a': 0.0}",20,6,29.18222964232308,"{0: 14, 1: 0, 2: 0, 3: 0, 4: 0}",1
6,True,"{'e': 0.0, 'a': 0.0}",20,13,10.30959526982507,"{0: 7, 1: 0, 2: 0, 3: 0, 4: 0}",1
7,True,"{'e': 0.0, 'a': 0.0}",20,13,14.720192549766828,"{0: 7, 1: 0, 2: 0, 3: 0, 4: 0}",1
8,True,"{'e': 0.0, 'a': 0.0}",30,14,26.210195619303573,"{0: 16, 1: 0, 2: 0, 3: 0, 4: 0}",1
9,True,"{'e': 0.0, 'a': 0.0}",20,9,17.252534352400044,"{0: 11, 1: 0, 2: 0, 3: 0, 4: 0}",1
10,True,"{'e': 0.0, 'a': 0.0}",25,9,32.04731163291746,"{0: 16, 1: 0, 2: 0, 3: 0, 4: 0}",1
